               epoch,      train/box_loss,      train/obj_loss,      train/cls_loss,   metrics/precision,      metrics/recall,     metrics/mAP_0.5,metrics/mAP_0.5:0.95,        val/box_loss,        val/obj_loss,        val/cls_loss,               x/lr0,               x/lr1,               x/lr2
                   0,            0.057876,            0.024469,            0.067959,            0.011271,             0.90834,            0.053711,            0.028748,            0.023843,            0.008037,            0.045748,            0.070201,            0.003311,            0.003311
                   1,            0.036171,            0.018619,            0.061945,            0.017043,             0.93926,            0.059115,            0.035726,            0.017413,           0.0057866,            0.043555,            0.040195,           0.0066377,           0.0066377
                   2,            0.037063,            0.017558,            0.063956,           0.0032663,             0.70014,            0.037283,            0.017717,            0.031497,           0.0087148,            0.043678,            0.010182,           0.0099579,           0.0099579
                   3,            0.035335,            0.017926,            0.062405,             0.15887,            0.091102,            0.074389,            0.037954,             0.02082,           0.0057464,            0.041644,           0.0099703,           0.0099703,           0.0099703
                   4,            0.032621,            0.016447,            0.060955,             0.48632,             0.10859,              0.1182,            0.068816,            0.016445,           0.0053325,            0.039999,           0.0099703,           0.0099703,           0.0099703
                   5,            0.028902,            0.015093,            0.057793,             0.36647,             0.29323,             0.18678,             0.11627,            0.015151,           0.0040933,             0.03778,           0.0099604,           0.0099604,           0.0099604
                   6,            0.026131,             0.01419,            0.055388,             0.34781,              0.3764,             0.20624,             0.13538,            0.015146,           0.0045336,            0.037575,           0.0099505,           0.0099505,           0.0099505
                   7,            0.026966,            0.013961,            0.056188,             0.33455,             0.47607,             0.24803,             0.16773,            0.011859,           0.0038007,            0.035311,           0.0099406,           0.0099406,           0.0099406
                   8,            0.027228,            0.014212,             0.05498,             0.32449,             0.37529,             0.21585,             0.13784,            0.016071,           0.0043429,            0.034254,           0.0099307,           0.0099307,           0.0099307
                   9,             0.02643,            0.014116,             0.05394,             0.29671,             0.50776,             0.32169,             0.21906,             0.01282,            0.003778,            0.032473,           0.0099208,           0.0099208,           0.0099208
                  10,            0.025834,            0.013312,            0.052829,             0.27837,             0.55243,              0.3327,             0.21239,            0.014412,           0.0040599,            0.030698,           0.0099109,           0.0099109,           0.0099109
                  11,            0.023271,            0.013094,            0.048464,             0.36804,             0.46892,             0.40506,               0.279,            0.012749,           0.0034815,            0.029515,            0.009901,            0.009901,            0.009901
                  12,             0.02495,            0.013548,            0.050494,             0.36856,             0.64639,             0.42363,              0.2762,            0.013308,           0.0035629,            0.029013,           0.0098911,           0.0098911,           0.0098911
                  13,            0.025531,            0.013298,            0.050108,             0.27239,             0.58732,             0.39551,              0.2611,            0.017066,           0.0044018,            0.030111,           0.0098812,           0.0098812,           0.0098812
                  14,            0.024885,            0.013367,            0.048669,             0.33457,             0.58723,             0.47653,             0.33359,            0.012558,           0.0035049,            0.026165,           0.0098713,           0.0098713,           0.0098713
                  15,            0.025749,            0.013032,            0.048692,             0.39227,             0.66312,             0.53371,             0.36773,            0.012787,           0.0037325,             0.02404,           0.0098614,           0.0098614,           0.0098614
                  16,            0.024533,             0.01281,            0.046025,             0.40063,             0.63428,             0.56382,             0.37478,            0.013095,           0.0037587,            0.023194,           0.0098515,           0.0098515,           0.0098515
                  17,            0.025691,            0.012838,            0.045266,             0.47196,             0.61673,             0.61124,             0.42405,            0.012508,           0.0034734,            0.022884,           0.0098416,           0.0098416,           0.0098416
                  18,            0.022862,            0.012752,            0.043282,              0.5035,             0.70701,             0.63406,             0.43617,            0.011624,           0.0033676,            0.021524,           0.0098317,           0.0098317,           0.0098317
                  19,            0.023493,            0.012648,            0.043575,             0.55009,             0.70901,             0.68845,             0.50796,            0.011981,           0.0033246,            0.019872,           0.0098218,           0.0098218,           0.0098218
                  20,            0.023936,            0.012537,            0.041189,             0.57134,             0.73849,              0.7139,             0.52605,            0.012879,           0.0033656,            0.017974,           0.0098119,           0.0098119,           0.0098119
                  21,            0.023586,             0.01214,            0.041811,             0.57377,             0.71802,             0.73265,             0.52918,            0.013237,           0.0033188,             0.01775,            0.009802,            0.009802,            0.009802
                  22,            0.023848,            0.012601,            0.039993,             0.63407,             0.71669,             0.73768,             0.52685,            0.011964,           0.0034228,            0.019649,           0.0097921,           0.0097921,           0.0097921
                  23,             0.02362,            0.012155,            0.038632,             0.59258,             0.70828,             0.73276,             0.51748,            0.011506,           0.0034804,            0.017797,           0.0097822,           0.0097822,           0.0097822
                  24,            0.024473,            0.012333,            0.039775,             0.76914,             0.71251,             0.81413,             0.57414,            0.013638,           0.0032965,             0.01401,           0.0097723,           0.0097723,           0.0097723
                  25,            0.024094,            0.012318,            0.041312,             0.77423,             0.68818,             0.77889,             0.54855,            0.011642,           0.0037878,            0.016134,           0.0097624,           0.0097624,           0.0097624
                  26,            0.023758,            0.012464,             0.03999,             0.68593,             0.78276,             0.82574,             0.59295,            0.012749,           0.0031654,            0.012926,           0.0097525,           0.0097525,           0.0097525
                  27,            0.023384,            0.012222,            0.038718,             0.73612,             0.80329,             0.84023,             0.58369,            0.012211,           0.0034409,            0.012592,           0.0097426,           0.0097426,           0.0097426
                  28,            0.023306,            0.012171,             0.03472,             0.79768,             0.77445,             0.84929,             0.60704,            0.011781,           0.0033109,            0.013064,           0.0097327,           0.0097327,           0.0097327
                  29,            0.023453,            0.012008,            0.035578,             0.78039,             0.75118,             0.83592,             0.61813,            0.012344,           0.0031945,            0.011722,           0.0097228,           0.0097228,           0.0097228
                  30,            0.022537,            0.012039,            0.035148,             0.74775,             0.77701,             0.83812,             0.61911,            0.011541,           0.0033621,             0.01077,           0.0097129,           0.0097129,           0.0097129
                  31,            0.022348,            0.011902,            0.034661,             0.80628,             0.86217,              0.8955,             0.67349,            0.011244,           0.0032474,           0.0098297,            0.009703,            0.009703,            0.009703
                  32,            0.022651,            0.011974,            0.034644,             0.84036,             0.83785,             0.88747,             0.67585,            0.010638,            0.003141,           0.0095436,           0.0096931,           0.0096931,           0.0096931
                  33,            0.022393,             0.01179,            0.033208,             0.75464,             0.83913,              0.8734,             0.63355,            0.011385,           0.0032523,            0.010283,           0.0096832,           0.0096832,           0.0096832
                  34,             0.02412,            0.012254,            0.035481,             0.78582,             0.81835,             0.85677,             0.63322,            0.012399,           0.0032638,            0.010454,           0.0096733,           0.0096733,           0.0096733
                  35,            0.022229,            0.012158,            0.032043,             0.83204,             0.83202,             0.89142,             0.65561,             0.01163,           0.0031623,            0.008002,           0.0096634,           0.0096634,           0.0096634
                  36,            0.023449,            0.012084,            0.034475,             0.81913,             0.64998,             0.76114,             0.49975,            0.016739,           0.0042548,            0.015569,           0.0096535,           0.0096535,           0.0096535
                  37,             0.02423,            0.012282,            0.034995,             0.69641,             0.68191,             0.73098,             0.52982,            0.012989,           0.0041534,             0.01718,           0.0096436,           0.0096436,           0.0096436
                  38,            0.023723,            0.012499,            0.036327,             0.76578,               0.769,             0.81659,             0.56146,             0.01395,           0.0035825,            0.012804,           0.0096337,           0.0096337,           0.0096337
                  39,            0.023759,            0.012523,            0.033455,             0.81974,             0.85019,             0.90589,             0.67769,            0.012261,           0.0031734,           0.0086613,           0.0096238,           0.0096238,           0.0096238
                  40,            0.023196,            0.012068,            0.034262,             0.85137,             0.87747,             0.91736,             0.68144,             0.01182,           0.0033277,           0.0081953,           0.0096139,           0.0096139,           0.0096139
                  41,            0.022841,            0.011857,            0.030951,             0.85344,             0.84298,             0.90505,             0.64241,            0.011848,            0.003312,            0.008639,            0.009604,            0.009604,            0.009604
                  42,            0.022803,            0.011852,            0.032063,             0.86341,             0.86931,              0.9208,             0.68886,            0.011359,           0.0031929,           0.0074165,           0.0095941,           0.0095941,           0.0095941
                  43,            0.023693,            0.011645,            0.033556,              0.8496,             0.87501,             0.92473,              0.7086,            0.011573,           0.0030713,           0.0073893,           0.0095842,           0.0095842,           0.0095842
                  44,            0.022883,            0.011644,            0.030719,             0.87134,             0.90592,             0.93929,             0.70881,             0.01034,           0.0031028,           0.0064271,           0.0095743,           0.0095743,           0.0095743
                  45,            0.022189,            0.011688,            0.031032,             0.83388,             0.88506,             0.92053,             0.66082,              0.0122,           0.0032077,           0.0068362,           0.0095644,           0.0095644,           0.0095644
                  46,            0.022995,            0.011826,            0.031442,             0.88925,             0.89491,             0.93586,             0.70383,            0.011183,           0.0031694,           0.0061417,           0.0095545,           0.0095545,           0.0095545
                  47,            0.023794,            0.011806,            0.029833,             0.89193,             0.88401,             0.93437,             0.72074,            0.011034,           0.0032041,           0.0054127,           0.0095446,           0.0095446,           0.0095446
                  48,             0.02107,             0.01155,            0.026645,              0.8691,             0.90572,             0.93685,             0.71479,            0.011099,           0.0030453,           0.0062045,           0.0095347,           0.0095347,           0.0095347
                  49,            0.024157,            0.011949,            0.030486,             0.88666,             0.91192,             0.94614,             0.71076,            0.010516,           0.0030931,           0.0051183,           0.0095248,           0.0095248,           0.0095248
                  50,            0.023737,            0.011896,            0.030991,              0.8773,             0.88414,             0.93346,             0.71222,            0.010778,           0.0031356,           0.0057039,           0.0095149,           0.0095149,           0.0095149
                  51,              0.0222,            0.011694,             0.02934,             0.88265,             0.90492,             0.93673,             0.70927,            0.011109,           0.0030605,           0.0053754,            0.009505,            0.009505,            0.009505
                  52,            0.022054,            0.011341,            0.029175,             0.89196,             0.94309,             0.95353,             0.72181,            0.011031,           0.0030195,           0.0043399,           0.0094951,           0.0094951,           0.0094951
                  53,            0.022382,            0.011363,            0.028936,             0.88029,             0.92054,             0.94462,             0.72876,            0.010732,           0.0030126,           0.0047131,           0.0094852,           0.0094852,           0.0094852
                  54,            0.021161,            0.011209,            0.027778,             0.89755,              0.9164,             0.94237,             0.72041,            0.010314,           0.0030068,           0.0046491,           0.0094753,           0.0094753,           0.0094753
                  55,            0.021707,            0.011463,            0.027077,              0.9088,             0.92365,             0.94808,             0.73271,            0.010592,           0.0030802,           0.0045583,           0.0094654,           0.0094654,           0.0094654
                  56,            0.022188,            0.011486,            0.025907,             0.87679,             0.91422,              0.9417,             0.71806,            0.010517,           0.0029863,            0.005983,           0.0094555,           0.0094555,           0.0094555
                  57,             0.02208,            0.011378,            0.027212,             0.92055,             0.92628,              0.9543,             0.73878,            0.010545,           0.0031068,           0.0046319,           0.0094456,           0.0094456,           0.0094456
                  58,            0.022399,            0.011551,            0.026644,             0.91888,             0.93296,             0.95866,             0.75217,            0.010267,           0.0028935,           0.0060781,           0.0094357,           0.0094357,           0.0094357
                  59,            0.020968,            0.011113,            0.025824,             0.90932,             0.91339,             0.95189,             0.73248,            0.010194,           0.0029969,           0.0044423,           0.0094258,           0.0094258,           0.0094258
                  60,            0.021303,            0.011514,            0.026689,              0.8836,             0.89557,             0.93501,             0.70896,             0.01073,           0.0032251,           0.0059618,           0.0094159,           0.0094159,           0.0094159
                  61,            0.021311,            0.011306,              0.0262,             0.91221,             0.90073,             0.96071,              0.7477,            0.010341,           0.0030544,           0.0041272,            0.009406,            0.009406,            0.009406
                  62,            0.020916,            0.011392,            0.027218,             0.93944,             0.93002,             0.96629,             0.74237,            0.010045,           0.0029575,           0.0042512,           0.0093961,           0.0093961,           0.0093961
                  63,            0.021271,            0.011217,            0.027988,             0.90738,             0.92833,             0.95708,             0.74365,           0.0096988,           0.0030398,           0.0039489,           0.0093862,           0.0093862,           0.0093862
                  64,            0.021314,            0.011159,            0.027448,             0.92528,             0.92402,             0.96206,             0.73594,            0.010526,           0.0030727,           0.0045808,           0.0093763,           0.0093763,           0.0093763
                  65,             0.02052,            0.011291,            0.025552,             0.93077,             0.95286,             0.96749,              0.7466,           0.0095298,           0.0029662,           0.0033378,           0.0093664,           0.0093664,           0.0093664
                  66,            0.020497,            0.011205,            0.025118,             0.93155,             0.93636,             0.96605,             0.73545,            0.010497,           0.0030443,           0.0047662,           0.0093565,           0.0093565,           0.0093565
                  67,            0.021398,            0.011196,            0.027671,             0.92794,             0.94184,              0.9654,             0.75304,           0.0098422,           0.0030116,           0.0035821,           0.0093466,           0.0093466,           0.0093466
                  68,            0.022741,            0.011142,            0.026355,             0.92382,             0.92763,              0.9621,              0.7498,            0.009948,             0.00294,           0.0037386,           0.0093367,           0.0093367,           0.0093367
                  69,            0.021425,            0.011311,            0.027394,             0.93358,             0.90745,             0.96384,             0.75576,            0.010473,           0.0030024,           0.0040609,           0.0093268,           0.0093268,           0.0093268
                  70,            0.019736,            0.011412,            0.025294,             0.93517,             0.93626,             0.96897,             0.74609,            0.010106,           0.0030645,           0.0028723,           0.0093169,           0.0093169,           0.0093169
                  71,            0.019533,            0.011136,            0.024041,             0.90547,             0.93638,             0.96289,             0.75971,           0.0097563,           0.0029327,           0.0033412,            0.009307,            0.009307,            0.009307
                  72,            0.021808,            0.011129,             0.02687,             0.92468,             0.94331,             0.96511,             0.76156,           0.0094708,           0.0029358,           0.0035848,           0.0092971,           0.0092971,           0.0092971
                  73,            0.020332,            0.011132,            0.024519,             0.95097,             0.94095,             0.97331,             0.77037,            0.010301,           0.0028399,           0.0033355,           0.0092872,           0.0092872,           0.0092872
                  74,            0.019869,            0.011006,            0.024273,             0.93078,             0.94383,             0.97153,              0.7543,           0.0097113,           0.0029612,           0.0031558,           0.0092773,           0.0092773,           0.0092773
                  75,            0.021354,            0.011548,            0.025774,             0.92484,             0.93079,               0.967,             0.75919,           0.0096994,           0.0029835,            0.005307,           0.0092674,           0.0092674,           0.0092674
                  76,            0.021345,            0.011156,             0.02552,             0.91979,             0.95334,             0.96909,             0.75416,            0.010017,           0.0029926,           0.0035261,           0.0092575,           0.0092575,           0.0092575
                  77,             0.02011,            0.011071,            0.023361,             0.93489,             0.93275,             0.96274,             0.74921,            0.009672,           0.0030664,           0.0039746,           0.0092476,           0.0092476,           0.0092476
                  78,            0.021279,            0.011027,            0.025646,             0.92572,             0.92054,             0.94883,             0.74322,           0.0094293,           0.0030051,           0.0062658,           0.0092377,           0.0092377,           0.0092377
                  79,            0.020169,            0.010937,            0.023829,             0.94862,             0.92362,             0.97224,             0.76585,            0.009426,           0.0029914,           0.0031014,           0.0092278,           0.0092278,           0.0092278
                  80,            0.019268,            0.010739,            0.022213,             0.94416,             0.93538,             0.96816,             0.76536,           0.0092751,           0.0029165,           0.0030534,           0.0092179,           0.0092179,           0.0092179
                  81,            0.021003,            0.011095,            0.024716,             0.92796,             0.94045,             0.97061,             0.74737,           0.0099607,           0.0030551,           0.0034393,            0.009208,            0.009208,            0.009208
                  82,             0.02123,            0.011176,            0.024251,             0.95899,             0.94682,             0.98174,             0.77134,           0.0089146,           0.0028599,           0.0027888,           0.0091981,           0.0091981,           0.0091981
                  83,            0.020323,            0.011151,            0.023703,             0.93462,             0.95771,             0.97863,             0.76943,           0.0093073,            0.002863,           0.0034178,           0.0091882,           0.0091882,           0.0091882
                  84,            0.019119,            0.011093,            0.022651,              0.9441,             0.94064,             0.97404,             0.77126,           0.0093925,           0.0029517,           0.0025087,           0.0091783,           0.0091783,           0.0091783
                  85,             0.01888,            0.010998,             0.02307,             0.95024,             0.96031,             0.98221,              0.7821,           0.0090327,           0.0028476,           0.0026043,           0.0091684,           0.0091684,           0.0091684
                  86,            0.020299,            0.011183,            0.024813,             0.93871,             0.95035,             0.97496,             0.76727,           0.0093707,           0.0029998,           0.0027054,           0.0091585,           0.0091585,           0.0091585
                  87,            0.020868,            0.011133,            0.025204,             0.93409,             0.94175,             0.96811,             0.77462,           0.0086144,           0.0028726,           0.0029019,           0.0091486,           0.0091486,           0.0091486
                  88,            0.021039,            0.011039,            0.024452,             0.95305,             0.96631,              0.9812,             0.77726,           0.0093346,           0.0029035,           0.0024826,           0.0091387,           0.0091387,           0.0091387
                  89,            0.020056,            0.010919,            0.024026,             0.94173,             0.94822,             0.97902,              0.7843,           0.0096854,           0.0028588,           0.0025429,           0.0091288,           0.0091288,           0.0091288
                  90,            0.020578,            0.011275,            0.025458,             0.94877,              0.9409,             0.97822,             0.77611,           0.0096137,           0.0028015,           0.0027084,           0.0091189,           0.0091189,           0.0091189
                  91,            0.020014,            0.010985,            0.023248,             0.95891,             0.95873,             0.98138,             0.77735,           0.0099937,           0.0029043,           0.0021202,            0.009109,            0.009109,            0.009109
                  92,             0.01988,            0.011159,            0.023023,             0.95318,             0.96031,             0.97893,             0.77236,           0.0092882,           0.0028982,           0.0032306,           0.0090991,           0.0090991,           0.0090991
                  93,            0.019905,            0.010904,            0.021953,             0.96697,             0.96942,             0.98432,             0.79314,            0.009036,           0.0027925,           0.0025592,           0.0090892,           0.0090892,           0.0090892
                  94,            0.019893,            0.010855,            0.023178,             0.96957,             0.97435,             0.98415,             0.78517,           0.0089525,           0.0028375,           0.0017056,           0.0090793,           0.0090793,           0.0090793
                  95,            0.020344,            0.010709,            0.022138,             0.93185,             0.97527,             0.98136,             0.77818,           0.0089721,           0.0028931,           0.0020551,           0.0090694,           0.0090694,           0.0090694
                  96,            0.020529,            0.010645,            0.022451,             0.96277,             0.97249,              0.9887,             0.78492,            0.009449,           0.0028802,            0.002688,           0.0090595,           0.0090595,           0.0090595
                  97,            0.019773,            0.010848,            0.023434,             0.96991,             0.95803,             0.98622,             0.78451,           0.0095039,           0.0029111,           0.0019299,           0.0090496,           0.0090496,           0.0090496
                  98,               0.019,            0.010648,            0.021397,              0.9603,             0.96309,             0.98299,             0.79265,            0.008979,           0.0028177,           0.0016989,           0.0090397,           0.0090397,           0.0090397
                  99,            0.019931,            0.010705,            0.020843,              0.9644,             0.97028,             0.99172,             0.79783,           0.0088922,           0.0027596,           0.0016423,           0.0090298,           0.0090298,           0.0090298
                 100,            0.019352,            0.010678,            0.022378,             0.95551,             0.96249,             0.98193,             0.77036,           0.0090184,           0.0028372,           0.0019403,           0.0090199,           0.0090199,           0.0090199
                 101,            0.020301,            0.010871,            0.021268,             0.95451,             0.97572,             0.98698,             0.78256,           0.0087457,           0.0027627,           0.0016705,             0.00901,             0.00901,             0.00901
                 102,             0.01968,            0.010994,            0.023739,             0.94035,             0.96814,             0.98371,             0.78934,           0.0087895,           0.0028596,           0.0019463,           0.0090001,           0.0090001,           0.0090001
                 103,            0.020589,            0.010843,            0.023328,             0.95655,               0.975,             0.98902,             0.78874,           0.0089779,           0.0027202,           0.0017119,           0.0089902,           0.0089902,           0.0089902
                 104,            0.020022,            0.010961,            0.022284,             0.96523,             0.96942,             0.98797,             0.78694,           0.0090277,           0.0027939,           0.0017112,           0.0089803,           0.0089803,           0.0089803
                 105,            0.019563,            0.010751,            0.020574,             0.96367,             0.97336,             0.98858,             0.79119,           0.0096191,           0.0028136,           0.0014871,           0.0089704,           0.0089704,           0.0089704
                 106,            0.021217,            0.010779,            0.023191,             0.95105,             0.95864,             0.98474,             0.78608,           0.0094281,           0.0028029,           0.0024037,           0.0089605,           0.0089605,           0.0089605
                 107,            0.019426,            0.010579,            0.022548,             0.95645,             0.97486,             0.98975,             0.79068,           0.0091359,           0.0027827,           0.0014814,           0.0089506,           0.0089506,           0.0089506
                 108,            0.019715,             0.01123,            0.024391,              0.9462,             0.96804,             0.98116,               0.784,            0.009231,           0.0029007,            0.002512,           0.0089407,           0.0089407,           0.0089407
                 109,            0.021132,            0.011047,            0.023633,             0.94675,              0.9697,             0.98365,             0.78106,           0.0091077,            0.002914,           0.0027021,           0.0089308,           0.0089308,           0.0089308
                 110,            0.018924,            0.010725,            0.022063,             0.97351,             0.97354,             0.99074,             0.79854,           0.0091264,           0.0027857,            0.001445,           0.0089209,           0.0089209,           0.0089209
                 111,            0.019491,            0.011024,            0.020922,              0.9625,             0.96393,              0.9775,             0.78604,           0.0087385,           0.0028111,           0.0016729,            0.008911,            0.008911,            0.008911
                 112,            0.019949,            0.011066,            0.021606,             0.97632,             0.96949,             0.98532,             0.77987,           0.0095178,           0.0029246,           0.0016729,           0.0089011,           0.0089011,           0.0089011
                 113,            0.019735,            0.010946,            0.022304,             0.95977,              0.9624,             0.98363,               0.794,           0.0089704,           0.0028113,           0.0019352,           0.0088912,           0.0088912,           0.0088912
                 114,            0.019624,            0.010769,            0.021724,             0.96103,              0.9598,             0.98317,             0.78932,           0.0088623,            0.002837,           0.0024077,           0.0088813,           0.0088813,           0.0088813
                 115,            0.018124,            0.010282,            0.020689,             0.96467,             0.97427,             0.98858,             0.80346,           0.0085827,           0.0027991,           0.0016665,           0.0088714,           0.0088714,           0.0088714
                 116,            0.019395,            0.010463,             0.02144,             0.96452,             0.97665,             0.98564,             0.79844,           0.0091132,           0.0028387,           0.0014476,           0.0088615,           0.0088615,           0.0088615
                 117,            0.019196,            0.010666,             0.02068,             0.97436,              0.9804,             0.98839,             0.80146,           0.0086416,           0.0027964,           0.0016251,           0.0088516,           0.0088516,           0.0088516
                 118,            0.020628,            0.010749,            0.020916,             0.96666,             0.97534,             0.98711,             0.79297,           0.0088534,           0.0028078,           0.0014392,           0.0088417,           0.0088417,           0.0088417
                 119,             0.02009,            0.010746,             0.02117,             0.97833,             0.97914,             0.99149,             0.79854,           0.0090992,           0.0027382,           0.0012733,           0.0088318,           0.0088318,           0.0088318
                 120,            0.019086,            0.010534,            0.020275,             0.96485,             0.97391,             0.99037,               0.796,           0.0088856,            0.002818,           0.0014807,           0.0088219,           0.0088219,           0.0088219
                 121,            0.017996,            0.010728,             0.02065,             0.95621,             0.97461,             0.98807,             0.79432,           0.0090241,           0.0028565,           0.0016706,            0.008812,            0.008812,            0.008812
                 122,            0.018965,            0.010362,             0.01966,             0.97398,             0.98247,             0.99165,             0.80216,           0.0088191,           0.0028222,           0.0011645,           0.0088021,           0.0088021,           0.0088021
                 123,             0.01953,            0.010654,            0.019621,             0.97226,              0.9692,             0.98643,             0.80165,           0.0087645,           0.0027497,           0.0013735,           0.0087922,           0.0087922,           0.0087922
                 124,            0.019895,            0.010667,            0.022654,             0.96523,             0.97703,             0.98699,             0.79662,           0.0087443,           0.0027459,           0.0015059,           0.0087823,           0.0087823,           0.0087823
                 125,            0.018532,            0.010439,            0.019224,             0.97814,             0.97241,             0.99173,             0.80427,           0.0088102,           0.0027908,           0.0012954,           0.0087724,           0.0087724,           0.0087724
                 126,            0.019788,            0.010538,            0.020109,             0.97669,             0.98494,             0.99296,             0.80216,           0.0086388,           0.0027772,          0.00095687,           0.0087625,           0.0087625,           0.0087625
                 127,            0.019946,            0.010643,            0.021307,             0.96744,             0.98002,             0.99284,             0.79702,           0.0091234,           0.0028027,           0.0011916,           0.0087526,           0.0087526,           0.0087526
                 128,            0.018878,            0.010641,            0.020284,             0.96949,             0.96821,             0.98359,             0.80217,           0.0085895,           0.0027341,           0.0015599,           0.0087427,           0.0087427,           0.0087427
                 129,             0.01935,            0.010619,            0.019777,              0.9736,               0.964,             0.98616,               0.798,           0.0090382,           0.0027249,           0.0013405,           0.0087328,           0.0087328,           0.0087328
                 130,            0.019032,            0.010623,            0.021439,             0.96093,             0.97646,             0.98983,             0.80079,           0.0088211,           0.0028108,           0.0017339,           0.0087229,           0.0087229,           0.0087229
                 131,            0.019492,             0.01086,            0.021821,             0.97096,             0.96546,             0.98781,              0.7936,           0.0088432,           0.0027784,           0.0020525,            0.008713,            0.008713,            0.008713
                 132,            0.019628,            0.011167,            0.022548,             0.95763,              0.9766,             0.98618,             0.78202,           0.0089113,           0.0028701,           0.0017684,           0.0087031,           0.0087031,           0.0087031
                 133,            0.019236,            0.011055,            0.022117,             0.94559,             0.97837,             0.98573,             0.79661,             0.00878,           0.0027832,           0.0014486,           0.0086932,           0.0086932,           0.0086932
                 134,            0.018722,            0.010475,             0.02041,             0.96742,             0.98666,               0.994,              0.8073,           0.0083985,           0.0027901,           0.0011353,           0.0086833,           0.0086833,           0.0086833
                 135,            0.019637,            0.010698,            0.022097,             0.96765,             0.97048,             0.98619,             0.79969,           0.0088237,           0.0027509,           0.0018466,           0.0086734,           0.0086734,           0.0086734
                 136,            0.018815,            0.010648,            0.020443,              0.9754,              0.9764,              0.9879,             0.79286,           0.0090896,           0.0027362,           0.0012654,           0.0086635,           0.0086635,           0.0086635
                 137,            0.018162,            0.010569,            0.018568,             0.97578,             0.97366,              0.9884,             0.80925,           0.0086533,           0.0026981,           0.0012202,           0.0086536,           0.0086536,           0.0086536
                 138,            0.018344,            0.010261,            0.019706,             0.96019,             0.98197,             0.99173,             0.80693,           0.0086015,           0.0027698,           0.0012585,           0.0086437,           0.0086437,           0.0086437
                 139,             0.01947,             0.01084,            0.021498,             0.95767,              0.9776,             0.98581,             0.79781,           0.0086307,           0.0027888,           0.0014796,           0.0086338,           0.0086338,           0.0086338
                 140,            0.018774,            0.010606,            0.020935,             0.96551,             0.97214,             0.98803,             0.80021,           0.0089705,           0.0027852,           0.0013737,           0.0086239,           0.0086239,           0.0086239
                 141,            0.020107,             0.01077,             0.02126,             0.96692,             0.97166,             0.98746,             0.79315,           0.0091844,           0.0027576,           0.0013869,            0.008614,            0.008614,            0.008614
                 142,            0.018724,            0.010388,            0.020067,              0.9627,             0.96193,             0.98701,             0.79772,           0.0088543,            0.002796,           0.0014853,           0.0086041,           0.0086041,           0.0086041
                 143,            0.020516,            0.010834,            0.021571,             0.97033,             0.97437,             0.99174,             0.80515,           0.0090109,           0.0028474,           0.0012664,           0.0085942,           0.0085942,           0.0085942
                 144,            0.018855,            0.010609,            0.020149,             0.95901,             0.98755,             0.99137,             0.80195,           0.0089264,           0.0027674,           0.0011341,           0.0085843,           0.0085843,           0.0085843
                 145,            0.018645,             0.01036,            0.018939,             0.96198,             0.98531,             0.99139,             0.80611,           0.0085229,           0.0027694,           0.0011256,           0.0085744,           0.0085744,           0.0085744
                 146,            0.019035,            0.010372,            0.018557,             0.97065,             0.98201,             0.99092,             0.81241,           0.0081955,           0.0027318,           0.0012655,           0.0085645,           0.0085645,           0.0085645
                 147,            0.018166,            0.010306,            0.018191,             0.96688,             0.97808,             0.98946,             0.80668,           0.0083128,           0.0027283,           0.0012336,           0.0085546,           0.0085546,           0.0085546
                 148,            0.017993,             0.01019,            0.018739,             0.97924,             0.98779,             0.99277,             0.81135,           0.0084686,           0.0027343,          0.00093778,           0.0085447,           0.0085447,           0.0085447
                 149,            0.018842,            0.010549,            0.020063,             0.97518,              0.9852,             0.99362,             0.81384,           0.0084793,           0.0026921,          0.00090889,           0.0085348,           0.0085348,           0.0085348
                 150,            0.018659,            0.010314,            0.019956,             0.97159,             0.98514,             0.99365,             0.81517,           0.0085364,           0.0027591,           0.0009238,           0.0085249,           0.0085249,           0.0085249
                 151,            0.019395,            0.010282,            0.018733,              0.9733,             0.98155,             0.99051,             0.80793,            0.008453,           0.0026906,           0.0010301,            0.008515,            0.008515,            0.008515
                 152,            0.018941,            0.010345,            0.019432,             0.97146,             0.98732,              0.9925,             0.80963,           0.0087684,           0.0027014,           0.0010587,           0.0085051,           0.0085051,           0.0085051
                 153,            0.018558,            0.010469,            0.021159,             0.97062,             0.98408,             0.99094,             0.80893,           0.0089069,           0.0026828,           0.0010005,           0.0084952,           0.0084952,           0.0084952
                 154,            0.018885,            0.010338,            0.020178,             0.97342,             0.97909,             0.99028,             0.81139,           0.0087224,           0.0026801,           0.0011177,           0.0084853,           0.0084853,           0.0084853
                 155,            0.018732,             0.01053,            0.020391,             0.97187,             0.98732,              0.9941,             0.81466,           0.0087447,           0.0026797,          0.00086326,           0.0084754,           0.0084754,           0.0084754
                 156,            0.018664,            0.010621,            0.018721,             0.97015,             0.98651,             0.99397,             0.81058,           0.0085693,            0.002708,          0.00088566,           0.0084655,           0.0084655,           0.0084655
                 157,            0.017714,            0.010313,            0.018199,             0.97575,             0.98055,             0.98981,             0.80956,           0.0083406,           0.0026642,           0.0010363,           0.0084556,           0.0084556,           0.0084556
                 158,            0.018784,            0.010184,            0.020065,             0.98026,             0.98262,             0.99033,             0.80683,           0.0084842,           0.0026983,           0.0010198,           0.0084457,           0.0084457,           0.0084457
                 159,            0.019762,            0.010786,            0.021807,              0.9772,              0.9795,             0.99208,             0.81032,           0.0083203,           0.0027285,          0.00099253,           0.0084358,           0.0084358,           0.0084358
                 160,            0.017876,            0.010607,            0.018638,             0.97964,             0.97591,             0.99312,             0.80899,           0.0083442,            0.002733,          0.00092757,           0.0084259,           0.0084259,           0.0084259
                 161,            0.018146,            0.010196,            0.018031,             0.98105,             0.97937,             0.99264,             0.80774,           0.0084129,           0.0027116,          0.00085089,            0.008416,            0.008416,            0.008416
                 162,            0.018704,            0.010226,             0.01732,               0.981,              0.9834,             0.99227,             0.81086,           0.0083687,           0.0026565,          0.00091857,           0.0084061,           0.0084061,           0.0084061
                 163,            0.019327,            0.010507,            0.019082,              0.9734,             0.98604,               0.991,             0.81421,           0.0081296,            0.002634,          0.00092515,           0.0083962,           0.0083962,           0.0083962
                 164,            0.017194,            0.010266,            0.018481,             0.97999,               0.982,             0.98963,             0.80642,           0.0085215,           0.0027744,           0.0010697,           0.0083863,           0.0083863,           0.0083863
                 165,            0.019341,            0.010633,            0.019475,             0.97824,             0.98306,             0.99217,             0.81182,           0.0085986,           0.0027444,          0.00081943,           0.0083764,           0.0083764,           0.0083764
                 166,            0.018705,            0.010275,            0.019694,             0.97771,              0.9857,             0.99329,             0.81326,             0.00838,           0.0027192,          0.00087503,           0.0083665,           0.0083665,           0.0083665
                 167,             0.01872,            0.010705,            0.021205,             0.97868,             0.97526,             0.98995,             0.80207,           0.0082887,           0.0027592,            0.001035,           0.0083566,           0.0083566,           0.0083566
                 168,            0.018792,            0.010795,            0.020042,              0.9859,             0.97843,             0.99081,             0.81332,            0.008295,           0.0027153,          0.00091883,           0.0083467,           0.0083467,           0.0083467
                 169,            0.018922,            0.010344,            0.017879,             0.98336,             0.98174,             0.99305,             0.81554,           0.0085187,           0.0027512,          0.00078505,           0.0083368,           0.0083368,           0.0083368
                 170,            0.018234,            0.010377,            0.017709,             0.97516,             0.99155,             0.99301,             0.81003,           0.0085463,           0.0026995,          0.00080833,           0.0083269,           0.0083269,           0.0083269
                 171,            0.019856,            0.010537,            0.019688,             0.96853,             0.98953,             0.99264,             0.80926,           0.0081706,           0.0026928,          0.00087739,            0.008317,            0.008317,            0.008317
                 172,            0.017679,            0.010377,             0.01927,             0.97535,             0.98346,             0.99276,             0.81691,           0.0081412,           0.0026663,          0.00090011,           0.0083071,           0.0083071,           0.0083071
                 173,            0.018364,            0.010221,            0.019019,             0.97858,             0.98247,             0.99358,             0.81645,           0.0081939,           0.0026945,          0.00093005,           0.0082972,           0.0082972,           0.0082972
                 174,            0.017292,             0.01034,            0.018543,             0.97345,             0.99193,             0.99308,             0.81847,           0.0080145,           0.0026853,          0.00079735,           0.0082873,           0.0082873,           0.0082873
                 175,            0.019047,            0.010156,            0.017826,             0.98089,             0.98322,             0.99264,             0.81387,           0.0081283,           0.0026869,          0.00078694,           0.0082774,           0.0082774,           0.0082774
                 176,            0.018685,           0.0099641,            0.018326,             0.98194,             0.98416,             0.99316,             0.81056,           0.0082269,           0.0026754,          0.00079454,           0.0082675,           0.0082675,           0.0082675
                 177,            0.018277,            0.010211,            0.018599,             0.98146,             0.98171,             0.99276,             0.81754,           0.0079004,           0.0026564,          0.00088151,           0.0082576,           0.0082576,           0.0082576
                 178,            0.018571,            0.010284,            0.019074,             0.97528,              0.9853,             0.99289,             0.82127,           0.0078829,           0.0026246,          0.00099486,           0.0082477,           0.0082477,           0.0082477
                 179,            0.017982,            0.010412,             0.01869,             0.96942,             0.98545,             0.99104,             0.81732,           0.0081524,           0.0026732,          0.00092104,           0.0082378,           0.0082378,           0.0082378
                 180,            0.018965,            0.010382,            0.018567,             0.98589,             0.98246,             0.99147,             0.81795,           0.0081527,           0.0026733,          0.00081434,           0.0082279,           0.0082279,           0.0082279
                 181,            0.018203,            0.010362,             0.01782,             0.97859,             0.98865,             0.99255,             0.81359,           0.0081796,           0.0026727,          0.00075409,            0.008218,            0.008218,            0.008218
                 182,            0.017546,            0.010114,            0.017629,             0.98044,             0.98581,             0.99244,             0.81472,           0.0082187,           0.0026967,          0.00087369,           0.0082081,           0.0082081,           0.0082081
                 183,            0.018737,            0.010453,            0.019817,             0.97429,             0.99305,             0.99331,             0.81707,           0.0081765,           0.0026342,          0.00081284,           0.0081982,           0.0081982,           0.0081982
                 184,              0.0178,             0.01032,            0.018389,             0.97762,             0.98703,             0.99192,             0.81468,           0.0080008,           0.0026673,          0.00085539,           0.0081883,           0.0081883,           0.0081883
                 185,            0.017546,            0.010179,             0.01899,             0.98504,             0.98924,             0.99406,             0.81453,           0.0080681,           0.0026548,          0.00071934,           0.0081784,           0.0081784,           0.0081784
                 186,            0.018784,            0.010296,            0.017897,             0.98056,             0.98979,             0.99231,              0.8125,           0.0082596,           0.0026412,          0.00076783,           0.0081685,           0.0081685,           0.0081685
                 187,            0.017931,            0.010137,            0.017176,             0.98107,             0.98634,             0.99306,             0.81306,           0.0082122,           0.0026513,          0.00073097,           0.0081586,           0.0081586,           0.0081586
                 188,            0.018416,            0.010388,            0.018276,             0.97328,             0.98892,             0.99258,             0.81544,           0.0081831,           0.0026862,          0.00079888,           0.0081487,           0.0081487,           0.0081487
                 189,            0.018228,            0.010326,            0.020005,             0.98259,              0.9796,             0.99068,             0.81107,           0.0080418,           0.0026657,          0.00078643,           0.0081388,           0.0081388,           0.0081388
                 190,            0.019889,            0.010162,            0.018449,             0.98073,             0.97765,             0.99212,             0.81921,           0.0079859,           0.0027006,          0.00081578,           0.0081289,           0.0081289,           0.0081289
                 191,            0.018416,            0.010487,            0.018285,             0.98208,             0.97773,             0.99139,             0.81615,           0.0083633,           0.0026744,          0.00085985,            0.008119,            0.008119,            0.008119
                 192,            0.017348,            0.010179,            0.016184,             0.98377,             0.98288,             0.99191,             0.81853,           0.0083729,           0.0026588,          0.00093172,           0.0081091,           0.0081091,           0.0081091
                 193,            0.018806,            0.010073,            0.017027,             0.98115,             0.98222,             0.98973,              0.8198,           0.0083428,           0.0026695,          0.00099914,           0.0080992,           0.0080992,           0.0080992
                 194,            0.018351,            0.010374,            0.019182,             0.97989,              0.9812,             0.99203,             0.82116,           0.0081433,           0.0026589,          0.00096689,           0.0080893,           0.0080893,           0.0080893
                 195,             0.01878,            0.010312,            0.019828,             0.98205,             0.98055,             0.99109,             0.82019,           0.0082847,           0.0026481,          0.00095962,           0.0080794,           0.0080794,           0.0080794
                 196,            0.017386,            0.010371,            0.017072,             0.98929,              0.9914,             0.99345,             0.82306,           0.0080839,           0.0026375,          0.00078158,           0.0080695,           0.0080695,           0.0080695
                 197,            0.017444,            0.010096,            0.016788,             0.98555,             0.98139,             0.99314,             0.82264,           0.0079659,           0.0026181,          0.00080848,           0.0080596,           0.0080596,           0.0080596
                 198,            0.017624,           0.0098636,             0.01821,             0.98494,             0.99032,             0.99427,             0.82653,           0.0079742,           0.0026273,          0.00071644,           0.0080497,           0.0080497,           0.0080497
                 199,            0.018876,            0.010169,            0.017585,             0.98707,             0.99067,             0.99374,             0.82332,           0.0080339,           0.0025909,          0.00071753,           0.0080398,           0.0080398,           0.0080398
                 200,            0.019205,            0.010249,            0.018429,             0.98528,             0.99319,             0.99336,             0.82268,            0.008134,           0.0026097,          0.00074013,           0.0080299,           0.0080299,           0.0080299
                 201,            0.018447,            0.010206,            0.018555,             0.98444,             0.99453,              0.9936,              0.8207,           0.0082946,            0.002594,            0.000734,             0.00802,             0.00802,             0.00802
                 202,            0.017503,            0.010244,            0.017113,             0.98167,             0.99474,             0.99354,              0.8227,             0.00821,           0.0025828,          0.00070756,           0.0080101,           0.0080101,           0.0080101
                 203,            0.016869,            0.010423,             0.01872,             0.98438,             0.99033,             0.99429,             0.82718,           0.0079081,           0.0025963,          0.00070346,           0.0080002,           0.0080002,           0.0080002
                 204,            0.018308,            0.010368,             0.01898,             0.98642,             0.98905,             0.99414,             0.82797,           0.0079298,           0.0025883,          0.00069806,           0.0079903,           0.0079903,           0.0079903
                 205,             0.01842,            0.010319,            0.018005,             0.97719,             0.98784,             0.99447,             0.82427,           0.0081599,           0.0025666,          0.00070885,           0.0079804,           0.0079804,           0.0079804
                 206,            0.018428,            0.010141,            0.016898,             0.98158,             0.98574,             0.99459,             0.82361,           0.0080885,           0.0025725,          0.00069208,           0.0079705,           0.0079705,           0.0079705
                 207,            0.019371,            0.010265,            0.019059,             0.98578,             0.98829,             0.99487,             0.82121,           0.0081656,           0.0025867,          0.00068097,           0.0079606,           0.0079606,           0.0079606
                 208,            0.017178,            0.010367,            0.015674,             0.98367,             0.98787,             0.99493,             0.82087,           0.0082274,           0.0025996,          0.00065239,           0.0079507,           0.0079507,           0.0079507
                 209,            0.018228,            0.010348,             0.01976,             0.98262,             0.99139,             0.99466,             0.82027,           0.0080484,           0.0026111,          0.00060517,           0.0079408,           0.0079408,           0.0079408
                 210,            0.018613,            0.010466,            0.017349,             0.98609,             0.98658,             0.99379,             0.82522,           0.0079613,           0.0025781,          0.00062258,           0.0079309,           0.0079309,           0.0079309
                 211,            0.018042,             0.01012,            0.017809,             0.98632,             0.98738,             0.99436,             0.82784,           0.0080677,           0.0026013,           0.0005981,            0.007921,            0.007921,            0.007921
                 212,            0.017608,            0.010301,            0.018313,             0.97931,             0.99076,             0.99346,             0.82508,           0.0078381,             0.00261,          0.00069571,           0.0079111,           0.0079111,           0.0079111
                 213,            0.018903,            0.010217,            0.018821,             0.97894,             0.99317,             0.99479,             0.82295,           0.0078018,           0.0026272,          0.00065629,           0.0079012,           0.0079012,           0.0079012
                 214,            0.016776,            0.010069,            0.015767,             0.97804,             0.99408,             0.99493,             0.82316,           0.0079668,           0.0026269,          0.00065869,           0.0078913,           0.0078913,           0.0078913
                 215,            0.017545,           0.0097696,            0.016033,             0.97756,             0.99162,             0.99481,             0.82646,           0.0080444,            0.002632,          0.00068416,           0.0078814,           0.0078814,           0.0078814
                 216,              0.0181,           0.0099736,            0.017585,             0.97897,             0.99417,             0.99478,             0.82171,            0.008042,           0.0026306,          0.00058044,           0.0078715,           0.0078715,           0.0078715
                 217,            0.017068,            0.010122,             0.01615,             0.98532,             0.99198,             0.99467,             0.82711,           0.0078477,           0.0026086,          0.00059033,           0.0078616,           0.0078616,           0.0078616
                 218,            0.017445,           0.0099156,            0.015765,             0.98692,             0.99303,             0.99475,             0.82704,           0.0078912,           0.0026013,          0.00060757,           0.0078517,           0.0078517,           0.0078517
                 219,            0.018668,            0.010018,            0.016557,             0.98527,             0.99033,             0.99483,             0.83476,           0.0077854,           0.0025864,          0.00062167,           0.0078418,           0.0078418,           0.0078418
                 220,            0.018403,           0.0099328,            0.017783,             0.98188,             0.98709,             0.99364,             0.83078,           0.0078451,           0.0025571,          0.00068395,           0.0078319,           0.0078319,           0.0078319
                 221,            0.018726,            0.010132,            0.018167,             0.98641,             0.98963,             0.99461,             0.82581,           0.0078831,           0.0025387,          0.00063697,            0.007822,            0.007822,            0.007822
                 222,            0.018509,             0.01024,            0.017107,              0.9893,             0.98996,             0.99481,             0.82817,           0.0078769,           0.0025336,          0.00057227,           0.0078121,           0.0078121,           0.0078121
                 223,             0.01786,             0.01009,            0.017372,             0.98507,             0.98801,             0.99474,             0.82885,           0.0078172,           0.0025271,          0.00060635,           0.0078022,           0.0078022,           0.0078022
                 224,            0.017777,            0.010381,            0.017758,             0.98066,             0.99119,             0.99493,             0.82519,           0.0077698,           0.0025397,          0.00059699,           0.0077923,           0.0077923,           0.0077923
                 225,            0.017879,            0.010126,            0.017731,             0.97723,             0.98754,             0.99467,             0.82545,           0.0077767,           0.0025545,          0.00063059,           0.0077824,           0.0077824,           0.0077824
                 226,            0.017575,            0.010112,            0.018421,             0.97302,              0.9839,             0.99411,             0.82602,           0.0078251,           0.0025466,          0.00071704,           0.0077725,           0.0077725,           0.0077725
                 227,            0.018226,            0.010177,            0.016958,             0.98228,             0.98877,             0.99367,              0.8212,           0.0079903,           0.0025772,          0.00062477,           0.0077626,           0.0077626,           0.0077626
                 228,            0.018417,           0.0099395,            0.016468,             0.98092,             0.98836,             0.99381,             0.82674,           0.0080085,           0.0025726,          0.00059261,           0.0077527,           0.0077527,           0.0077527
                 229,            0.018849,            0.010096,             0.01784,             0.97542,             0.99109,             0.99337,             0.82789,           0.0081142,           0.0025562,          0.00064459,           0.0077428,           0.0077428,           0.0077428
                 230,            0.017964,            0.010287,            0.017924,             0.98018,              0.9885,             0.99353,             0.82636,           0.0079164,           0.0025625,           0.0006488,           0.0077329,           0.0077329,           0.0077329
                 231,            0.020128,            0.010493,            0.018951,             0.97887,             0.98789,             0.99374,             0.82924,           0.0079084,           0.0025811,          0.00065236,            0.007723,            0.007723,            0.007723
                 232,            0.017896,            0.010175,            0.017013,             0.97808,             0.98418,             0.99424,             0.83179,           0.0077767,           0.0025854,          0.00068867,           0.0077131,           0.0077131,           0.0077131
                 233,            0.018483,            0.010193,            0.018606,              0.9716,             0.98684,             0.99398,             0.82848,           0.0078427,           0.0025803,          0.00073138,           0.0077032,           0.0077032,           0.0077032
                 234,            0.017451,             0.01046,            0.016348,             0.97353,              0.9879,             0.99311,             0.82415,           0.0079398,            0.002583,           0.0006967,           0.0076933,           0.0076933,           0.0076933
                 235,            0.017772,            0.010093,            0.015896,              0.9794,             0.99215,             0.99361,             0.82682,           0.0079084,           0.0025932,          0.00063279,           0.0076834,           0.0076834,           0.0076834
                 236,            0.016484,            0.010347,            0.016767,             0.97929,             0.99269,             0.99393,             0.82765,           0.0079159,           0.0026024,          0.00058814,           0.0076735,           0.0076735,           0.0076735
                 237,             0.01763,             0.01013,            0.015611,              0.9788,             0.99689,             0.99482,             0.82881,            0.007798,           0.0026075,          0.00055975,           0.0076636,           0.0076636,           0.0076636
                 238,            0.017852,            0.010132,            0.019177,             0.97784,             0.98912,             0.99337,             0.83143,           0.0078128,           0.0025989,          0.00064892,           0.0076537,           0.0076537,           0.0076537
                 239,            0.018057,             0.01007,            0.017984,             0.97118,             0.99225,             0.99389,             0.82776,           0.0079327,           0.0026077,          0.00067288,           0.0076438,           0.0076438,           0.0076438
                 240,            0.017758,           0.0099963,            0.016612,              0.9734,             0.98885,              0.9942,             0.82929,           0.0079679,           0.0026133,          0.00067218,           0.0076339,           0.0076339,           0.0076339
                 241,            0.017947,           0.0099099,            0.016828,              0.9745,             0.98478,             0.99412,             0.82647,           0.0079234,           0.0026117,          0.00071801,            0.007624,            0.007624,            0.007624
                 242,            0.017986,            0.010085,            0.018217,             0.97437,             0.98569,             0.99453,             0.82458,           0.0080077,           0.0026234,          0.00069039,           0.0076141,           0.0076141,           0.0076141
                 243,            0.016866,           0.0098046,            0.015106,             0.97277,             0.99099,             0.99481,             0.82737,           0.0079714,           0.0026245,          0.00066926,           0.0076042,           0.0076042,           0.0076042
                 244,            0.017125,           0.0099304,            0.015684,             0.97825,             0.99277,             0.99463,             0.82662,           0.0078694,           0.0026211,          0.00063004,           0.0075943,           0.0075943,           0.0075943
                 245,            0.017414,            0.010088,            0.016531,             0.97339,              0.9963,              0.9945,             0.82725,            0.007826,           0.0025949,          0.00063793,           0.0075844,           0.0075844,           0.0075844
                 246,            0.017491,            0.010211,            0.016283,             0.96631,             0.99494,             0.99403,             0.82629,           0.0078363,           0.0025837,          0.00069513,           0.0075745,           0.0075745,           0.0075745
                 247,            0.017067,            0.010237,            0.017652,             0.96824,             0.99347,             0.99335,             0.82463,            0.007898,           0.0025768,           0.0006552,           0.0075646,           0.0075646,           0.0075646
                 248,            0.017131,           0.0099823,            0.016572,              0.9808,             0.98282,             0.99276,             0.82636,           0.0078663,           0.0025821,          0.00066355,           0.0075547,           0.0075547,           0.0075547
                 249,            0.017057,           0.0099181,            0.016376,              0.9781,             0.98656,             0.99195,             0.82556,           0.0077777,           0.0025633,           0.0006665,           0.0075448,           0.0075448,           0.0075448
                 250,            0.017113,           0.0099771,            0.017219,             0.97892,             0.98905,             0.99265,             0.82782,           0.0077099,           0.0025618,          0.00066845,           0.0075349,           0.0075349,           0.0075349
                 251,            0.017942,            0.010078,            0.018441,             0.97861,              0.9875,             0.99204,             0.82523,           0.0077201,           0.0025825,          0.00067483,            0.007525,            0.007525,            0.007525
                 252,            0.016907,           0.0099233,            0.016926,             0.97781,             0.98603,             0.99155,             0.82312,           0.0077104,            0.002586,          0.00070865,           0.0075151,           0.0075151,           0.0075151
                 253,            0.017685,              0.0102,              0.0165,             0.97825,             0.98597,             0.99186,             0.82349,           0.0076653,           0.0025828,          0.00070172,           0.0075052,           0.0075052,           0.0075052
                 254,            0.017062,           0.0097359,            0.013993,             0.97954,             0.98854,              0.9933,             0.82659,           0.0076377,           0.0025735,           0.0006161,           0.0074953,           0.0074953,           0.0074953
                 255,            0.017567,             0.01007,            0.016652,              0.9775,             0.98687,             0.99311,             0.82509,           0.0076511,           0.0025621,          0.00064997,           0.0074854,           0.0074854,           0.0074854
                 256,            0.017666,            0.010043,             0.01583,             0.97884,             0.98825,              0.9939,              0.8266,           0.0076167,            0.002543,          0.00062726,           0.0074755,           0.0074755,           0.0074755
                 257,            0.018006,           0.0098817,            0.015864,             0.98181,             0.98678,             0.99435,             0.82596,           0.0076815,           0.0025354,          0.00061549,           0.0074656,           0.0074656,           0.0074656
                 258,            0.017185,            0.009844,            0.016654,             0.97984,             0.98683,             0.99446,             0.82775,           0.0077228,           0.0025375,          0.00061819,           0.0074557,           0.0074557,           0.0074557
                 259,            0.018878,           0.0099666,            0.018525,             0.97468,             0.98799,             0.99353,             0.82715,            0.007736,           0.0025412,          0.00064682,           0.0074458,           0.0074458,           0.0074458
                 260,            0.017829,            0.010255,            0.017323,             0.97461,             0.98637,             0.99262,             0.82536,            0.007749,            0.002536,          0.00064651,           0.0074359,           0.0074359,           0.0074359
                 261,            0.017818,            0.009905,            0.015972,             0.97558,             0.98562,             0.99267,             0.82639,           0.0077087,           0.0025398,          0.00063569,            0.007426,            0.007426,            0.007426
                 262,            0.017565,            0.010102,            0.017086,             0.98157,             0.99017,             0.99328,             0.82535,           0.0077086,            0.002541,          0.00058392,           0.0074161,           0.0074161,           0.0074161
                 263,            0.017629,           0.0096744,            0.016387,             0.98059,             0.99071,              0.9934,             0.82368,           0.0076723,           0.0025515,           0.0005493,           0.0074062,           0.0074062,           0.0074062
                 264,            0.017145,           0.0099713,            0.014372,             0.98029,              0.9881,             0.99451,             0.82753,           0.0076008,           0.0025573,          0.00054343,           0.0073963,           0.0073963,           0.0073963
                 265,            0.018301,            0.010116,            0.016916,             0.98054,             0.98962,              0.9946,             0.82944,           0.0075183,           0.0025684,          0.00054186,           0.0073864,           0.0073864,           0.0073864
                 266,            0.017432,            0.010009,            0.016705,             0.98077,             0.99185,             0.99442,             0.83045,           0.0075279,           0.0025564,          0.00054276,           0.0073765,           0.0073765,           0.0073765
                 267,            0.018423,            0.010235,             0.01767,             0.98386,             0.99043,             0.99418,             0.82815,           0.0074816,           0.0025354,          0.00053578,           0.0073666,           0.0073666,           0.0073666
                 268,            0.017717,            0.010369,            0.019323,              0.9846,             0.98826,             0.99322,             0.82843,           0.0074249,            0.002537,          0.00054237,           0.0073567,           0.0073567,           0.0073567
                 269,             0.01764,            0.010372,            0.019037,             0.98481,              0.9902,             0.99369,             0.82724,           0.0074467,           0.0025229,          0.00055637,           0.0073468,           0.0073468,           0.0073468
                 270,            0.017025,           0.0098588,            0.015914,             0.98558,             0.98851,             0.99357,             0.82796,           0.0074612,           0.0025244,          0.00058351,           0.0073369,           0.0073369,           0.0073369
                 271,             0.01718,            0.010076,            0.014408,             0.98479,             0.99078,             0.99415,             0.82965,             0.00747,           0.0025175,          0.00060211,            0.007327,            0.007327,            0.007327
                 272,            0.016778,           0.0099139,            0.015676,             0.98643,             0.99235,             0.99493,             0.82773,            0.007481,            0.002523,          0.00054876,           0.0073171,           0.0073171,           0.0073171
                 273,            0.017654,           0.0098891,            0.017763,             0.98498,             0.99214,             0.99341,             0.82429,           0.0075354,           0.0025111,          0.00062831,           0.0073072,           0.0073072,           0.0073072
                 274,            0.017198,           0.0099132,             0.01585,             0.98415,             0.99032,             0.99317,              0.8254,           0.0075479,           0.0025032,          0.00063224,           0.0072973,           0.0072973,           0.0072973
                 275,            0.017377,            0.010215,            0.016353,             0.98638,             0.99284,              0.9935,             0.82615,           0.0075192,           0.0025082,          0.00058987,           0.0072874,           0.0072874,           0.0072874
                 276,            0.016573,            0.010076,            0.015393,             0.98458,             0.99379,             0.99394,             0.82675,           0.0075726,           0.0025052,          0.00058687,           0.0072775,           0.0072775,           0.0072775
                 277,            0.017708,           0.0099288,            0.016653,             0.98359,             0.99397,             0.99481,             0.82619,           0.0075886,            0.002498,          0.00055929,           0.0072676,           0.0072676,           0.0072676
                 278,            0.018223,             0.01032,             0.01881,             0.98445,             0.99203,             0.99475,             0.82754,           0.0076284,           0.0024917,           0.0005591,           0.0072577,           0.0072577,           0.0072577
                 279,            0.017133,            0.009971,             0.01583,             0.98423,             0.99093,             0.99462,             0.82654,           0.0076193,           0.0024823,          0.00053596,           0.0072478,           0.0072478,           0.0072478
                 280,            0.017215,            0.010042,            0.016582,             0.98367,             0.98893,              0.9947,             0.82622,           0.0076202,           0.0024769,          0.00054372,           0.0072379,           0.0072379,           0.0072379
                 281,            0.017075,            0.010163,            0.016555,             0.98326,             0.98956,              0.9947,             0.82763,           0.0075546,           0.0024805,          0.00054737,            0.007228,            0.007228,            0.007228
                 282,            0.016884,            0.010028,            0.016478,             0.98175,             0.99168,              0.9947,              0.8285,           0.0075708,           0.0024886,          0.00054436,           0.0072181,           0.0072181,           0.0072181
                 283,            0.017304,           0.0097671,             0.01402,             0.98331,              0.9912,              0.9947,             0.83002,           0.0075724,           0.0024941,          0.00054864,           0.0072082,           0.0072082,           0.0072082
                 284,            0.017805,            0.010152,            0.016594,              0.9792,             0.99344,             0.99447,              0.8294,           0.0076352,           0.0024964,          0.00055239,           0.0071983,           0.0071983,           0.0071983
                 285,            0.017992,           0.0099937,            0.017509,             0.98201,             0.99397,             0.99463,             0.82851,           0.0076732,           0.0024989,          0.00051075,           0.0071884,           0.0071884,           0.0071884
                 286,            0.017245,            0.010109,            0.016235,             0.98255,              0.9935,              0.9944,             0.82735,           0.0076811,           0.0025001,          0.00053743,           0.0071785,           0.0071785,           0.0071785
                 287,            0.017524,            0.010053,            0.016213,             0.98224,             0.99304,             0.99401,             0.82674,           0.0076553,           0.0025048,          0.00053373,           0.0071686,           0.0071686,           0.0071686
                 288,              0.0173,           0.0097649,            0.016805,             0.98308,             0.99159,             0.99399,             0.82598,           0.0076229,           0.0025089,          0.00051644,           0.0071587,           0.0071587,           0.0071587
                 289,            0.017895,           0.0099615,            0.017557,             0.98181,             0.99199,             0.99448,             0.82751,           0.0076312,             0.00251,          0.00052463,           0.0071488,           0.0071488,           0.0071488
                 290,            0.017893,            0.009959,            0.016747,             0.98532,             0.99077,             0.99462,             0.82763,           0.0075769,           0.0025178,           0.0005169,           0.0071389,           0.0071389,           0.0071389
                 291,            0.016579,           0.0098859,            0.014938,             0.98546,             0.99021,             0.99424,             0.82706,           0.0075636,           0.0025222,          0.00051931,            0.007129,            0.007129,            0.007129
                 292,            0.017511,           0.0098471,            0.015265,              0.9843,             0.99365,             0.99405,             0.82721,           0.0074847,           0.0025197,          0.00051285,           0.0071191,           0.0071191,           0.0071191
                 293,            0.017661,           0.0098263,            0.015358,             0.98475,             0.99404,             0.99392,             0.82852,           0.0074732,            0.002525,          0.00051752,           0.0071092,           0.0071092,           0.0071092
                 294,            0.017886,           0.0098483,            0.015943,             0.98498,             0.99391,              0.9934,             0.82857,           0.0074673,           0.0025264,          0.00052792,           0.0070993,           0.0070993,           0.0070993
                 295,            0.017106,           0.0099079,            0.015777,             0.98561,             0.99516,             0.99327,                0.83,           0.0074308,           0.0025217,          0.00051723,           0.0070894,           0.0070894,           0.0070894
                 296,            0.017559,           0.0099683,            0.015314,             0.98526,               0.995,             0.99345,             0.82918,           0.0074512,           0.0025165,          0.00051726,           0.0070795,           0.0070795,           0.0070795
                 297,             0.01735,           0.0097621,            0.014927,             0.98521,             0.99488,             0.99408,             0.83024,           0.0074868,           0.0025252,           0.0005002,           0.0070696,           0.0070696,           0.0070696
                 298,            0.016656,           0.0095637,            0.013861,             0.98398,             0.99593,             0.99438,             0.83078,           0.0074809,           0.0025218,          0.00047519,           0.0070597,           0.0070597,           0.0070597
                 299,            0.017396,           0.0099789,            0.016373,             0.98377,              0.9971,             0.99447,             0.82966,           0.0074495,           0.0025076,          0.00047271,           0.0070498,           0.0070498,           0.0070498
                 300,            0.016623,            0.010074,            0.016786,             0.98439,             0.99542,             0.99431,             0.82969,            0.007431,           0.0024922,          0.00048542,           0.0070399,           0.0070399,           0.0070399
                 301,            0.016255,            0.010058,            0.014922,             0.98586,             0.99462,             0.99392,             0.82823,            0.007422,           0.0024876,          0.00049832,             0.00703,             0.00703,             0.00703
                 302,            0.017398,            0.010009,            0.016647,             0.98546,             0.99491,             0.99387,             0.82969,           0.0074231,           0.0024843,          0.00050088,           0.0070201,           0.0070201,           0.0070201
                 303,            0.017356,            0.010118,            0.016959,             0.98592,              0.9936,              0.9938,              0.8282,            0.007459,           0.0024833,          0.00051911,           0.0070102,           0.0070102,           0.0070102
                 304,            0.017863,            0.010128,            0.016533,             0.98508,             0.99277,             0.99384,             0.82945,           0.0074472,           0.0024876,          0.00052835,           0.0070003,           0.0070003,           0.0070003
                 305,            0.017084,            0.010139,            0.015805,             0.98434,              0.9938,             0.99402,             0.83221,           0.0074373,           0.0024921,          0.00053422,           0.0069904,           0.0069904,           0.0069904
                 306,            0.017007,             0.01008,            0.015216,             0.98495,             0.99349,             0.99425,             0.83183,           0.0074535,            0.002493,          0.00053153,           0.0069805,           0.0069805,           0.0069805
                 307,            0.017002,           0.0097289,            0.014146,             0.98384,               0.991,             0.99429,              0.8328,           0.0074406,           0.0024911,          0.00054712,           0.0069706,           0.0069706,           0.0069706
                 308,            0.018636,            0.010065,            0.017772,             0.98595,             0.98893,             0.99415,             0.83217,           0.0074242,           0.0024773,          0.00055153,           0.0069607,           0.0069607,           0.0069607
                 309,            0.017328,           0.0099908,            0.016242,             0.98654,              0.9886,             0.99419,             0.83323,           0.0074297,           0.0024757,          0.00056189,           0.0069508,           0.0069508,           0.0069508
                 310,            0.019596,            0.010091,            0.016481,             0.98716,             0.98725,             0.99462,             0.83411,           0.0074388,            0.002471,             0.00057,           0.0069409,           0.0069409,           0.0069409
                 311,            0.017808,           0.0098052,             0.01677,              0.9875,             0.98654,             0.99473,             0.83401,           0.0074355,           0.0024756,          0.00058038,            0.006931,            0.006931,            0.006931
                 312,            0.016547,           0.0097617,            0.015817,             0.98638,             0.98606,             0.99473,             0.83409,            0.007418,           0.0024835,          0.00059549,           0.0069211,           0.0069211,           0.0069211
                 313,            0.016679,           0.0096404,            0.015253,             0.98707,             0.98592,             0.99479,             0.83361,           0.0074241,           0.0024866,          0.00059796,           0.0069112,           0.0069112,           0.0069112
                 314,            0.017025,           0.0098752,            0.016807,             0.98777,             0.98595,             0.99485,             0.83214,           0.0074482,           0.0024874,          0.00058471,           0.0069013,           0.0069013,           0.0069013
                 315,            0.016853,           0.0097111,            0.014281,             0.98761,             0.98626,             0.99486,             0.83221,           0.0074359,           0.0024906,          0.00057695,           0.0068914,           0.0068914,           0.0068914
                 316,            0.017751,           0.0097851,            0.014545,             0.98624,             0.98638,             0.99482,             0.83208,           0.0074158,           0.0024931,          0.00056912,           0.0068815,           0.0068815,           0.0068815
                 317,            0.017464,           0.0096097,            0.016156,               0.986,             0.98746,             0.99489,             0.83317,           0.0074129,           0.0024979,          0.00057703,           0.0068716,           0.0068716,           0.0068716
                 318,            0.017931,           0.0098739,            0.016091,             0.98484,             0.98749,             0.99485,             0.83224,           0.0074045,           0.0025016,          0.00059392,           0.0068617,           0.0068617,           0.0068617
                 319,            0.016903,           0.0096572,            0.013839,             0.98357,             0.98716,             0.99482,             0.83135,           0.0074086,           0.0025054,          0.00059032,           0.0068518,           0.0068518,           0.0068518
